indicator_name,indicator_code,date,value
Consumer Price Index,CPIAUCSL,1947-01-01,21.48
Consumer Price Index,CPIAUCSL,1947-02-01,21.62
Consumer Price Index,CPIAUCSL,1947-03-01,22.0
Consumer Price Index,CPIAUCSL,1947-04-01,22.0
Consumer Price Index,CPIAUCSL,1947-05-01,21.95
Consumer Price Index,CPIAUCSL,1947-06-01,22.08
Consumer Price Index,CPIAUCSL,1947-07-01,22.23
Consumer Price Index,CPIAUCSL,1947-08-01,22.4
Consumer Price Index,CPIAUCSL,1947-09-01,22.84
Consumer Price Index,CPIAUCSL,1947-10-01,22.91
Consumer Price Index,CPIAUCSL,1947-11-01,23.06
Consumer Price Index,CPIAUCSL,1947-12-01,23.41
Consumer Price Index,CPIAUCSL,1948-01-01,23.68
Consumer Price Index,CPIAUCSL,1948-02-01,23.67
Consumer Price Index,CPIAUCSL,1948-03-01,23.5
Consumer Price Index,CPIAUCSL,1948-04-01,23.82
Consumer Price Index,CPIAUCSL,1948-05-01,24.01
Consumer Price Index,CPIAUCSL,1948-06-01,24.15
Consumer Price Index,CPIAUCSL,1948-07-01,24.4
Consumer Price Index,CPIAUCSL,1948-08-01,24.43
Consumer Price Index,CPIAUCSL,1948-09-01,24.36
Consumer Price Index,CPIAUCSL,1948-10-01,24.31
Consumer Price Index,CPIAUCSL,1948-11-01,24.16
Consumer Price Index,CPIAUCSL,1948-12-01,24.05
Consumer Price Index,CPIAUCSL,1949-01-01,24.01
Consumer Price Index,CPIAUCSL,1949-02-01,23.91
Consumer Price Index,CPIAUCSL,1949-03-01,23.91
Consumer Price Index,CPIAUCSL,1949-04-01,23.92
Consumer Price Index,CPIAUCSL,1949-05-01,23.91
Consumer Price Index,CPIAUCSL,1949-06-01,23.92
Consumer Price Index,CPIAUCSL,1949-07-01,23.7
Consumer Price Index,CPIAUCSL,1949-08-01,23.7
Consumer Price Index,CPIAUCSL,1949-09-01,23.75
Consumer Price Index,CPIAUCSL,1949-10-01,23.67
Consumer Price Index,CPIAUCSL,1949-11-01,23.7
Consumer Price Index,CPIAUCSL,1949-12-01,23.61
Consumer Price Index,CPIAUCSL,1950-01-01,23.51
Consumer Price Index,CPIAUCSL,1950-02-01,23.61
Consumer Price Index,CPIAUCSL,1950-03-01,23.64
Consumer Price Index,CPIAUCSL,1950-04-01,23.65
Consumer Price Index,CPIAUCSL,1950-05-01,23.77
Consumer Price Index,CPIAUCSL,1950-06-01,23.88
Consumer Price Index,CPIAUCSL,1950-07-01,24.07
Consumer Price Index,CPIAUCSL,1950-08-01,24.2
Consumer Price Index,CPIAUCSL,1950-09-01,24.34
Consumer Price Index,CPIAUCSL,1950-10-01,24.5
Consumer Price Index,CPIAUCSL,1950-11-01,24.6
Consumer Price Index,CPIAUCSL,1950-12-01,24.98
Consumer Price Index,CPIAUCSL,1951-01-01,25.38
Consumer Price Index,CPIAUCSL,1951-02-01,25.83
Consumer Price Index,CPIAUCSL,1951-03-01,25.88
Consumer Price Index,CPIAUCSL,1951-04-01,25.92
Consumer Price Index,CPIAUCSL,1951-05-01,25.99
Consumer Price Index,CPIAUCSL,1951-06-01,25.93
Consumer Price Index,CPIAUCSL,1951-07-01,25.91
Consumer Price Index,CPIAUCSL,1951-08-01,25.86
Consumer Price Index,CPIAUCSL,1951-09-01,26.03
Consumer Price Index,CPIAUCSL,1951-10-01,26.16
Consumer Price Index,CPIAUCSL,1951-11-01,26.32
Consumer Price Index,CPIAUCSL,1951-12-01,26.47
Consumer Price Index,CPIAUCSL,1952-01-01,26.45
Consumer Price Index,CPIAUCSL,1952-02-01,26.41
Consumer Price Index,CPIAUCSL,1952-03-01,26.39
Consumer Price Index,CPIAUCSL,1952-04-01,26.46
Consumer Price Index,CPIAUCSL,1952-05-01,26.47
Consumer Price Index,CPIAUCSL,1952-06-01,26.53
Consumer Price Index,CPIAUCSL,1952-07-01,26.68
Consumer Price Index,CPIAUCSL,1952-08-01,26.69
Consumer Price Index,CPIAUCSL,1952-09-01,26.63
Consumer Price Index,CPIAUCSL,1952-10-01,26.69
Consumer Price Index,CPIAUCSL,1952-11-01,26.69
Consumer Price Index,CPIAUCSL,1952-12-01,26.71
Consumer Price Index,CPIAUCSL,1953-01-01,26.64
Consumer Price Index,CPIAUCSL,1953-02-01,26.59
Consumer Price Index,CPIAUCSL,1953-03-01,26.63
Consumer Price Index,CPIAUCSL,1953-04-01,26.69
Consumer Price Index,CPIAUCSL,1953-05-01,26.7
Consumer Price Index,CPIAUCSL,1953-06-01,26.77
Consumer Price Index,CPIAUCSL,1953-07-01,26.79
Consumer Price Index,CPIAUCSL,1953-08-01,26.85
Consumer Price Index,CPIAUCSL,1953-09-01,26.89
Consumer Price Index,CPIAUCSL,1953-10-01,26.95
Consumer Price Index,CPIAUCSL,1953-11-01,26.85
Consumer Price Index,CPIAUCSL,1953-12-01,26.87
Consumer Price Index,CPIAUCSL,1954-01-01,26.94
Consumer Price Index,CPIAUCSL,1954-02-01,26.99
Consumer Price Index,CPIAUCSL,1954-03-01,26.93
Consumer Price Index,CPIAUCSL,1954-04-01,26.86
Consumer Price Index,CPIAUCSL,1954-05-01,26.93
Consumer Price Index,CPIAUCSL,1954-06-01,26.94
Consumer Price Index,CPIAUCSL,1954-07-01,26.86
Consumer Price Index,CPIAUCSL,1954-08-01,26.85
Consumer Price Index,CPIAUCSL,1954-09-01,26.81
Consumer Price Index,CPIAUCSL,1954-10-01,26.72
Consumer Price Index,CPIAUCSL,1954-11-01,26.78
Consumer Price Index,CPIAUCSL,1954-12-01,26.77
Consumer Price Index,CPIAUCSL,1955-01-01,26.77
Consumer Price Index,CPIAUCSL,1955-02-01,26.82
Consumer Price Index,CPIAUCSL,1955-03-01,26.79
Consumer Price Index,CPIAUCSL,1955-04-01,26.79
Consumer Price Index,CPIAUCSL,1955-05-01,26.77
Consumer Price Index,CPIAUCSL,1955-06-01,26.71
Consumer Price Index,CPIAUCSL,1955-07-01,26.76
Consumer Price Index,CPIAUCSL,1955-08-01,26.72
Consumer Price Index,CPIAUCSL,1955-09-01,26.85
Consumer Price Index,CPIAUCSL,1955-10-01,26.82
Consumer Price Index,CPIAUCSL,1955-11-01,26.88
Consumer Price Index,CPIAUCSL,1955-12-01,26.87
Consumer Price Index,CPIAUCSL,1956-01-01,26.83
Consumer Price Index,CPIAUCSL,1956-02-01,26.86
Consumer Price Index,CPIAUCSL,1956-03-01,26.89
Consumer Price Index,CPIAUCSL,1956-04-01,26.93
Consumer Price Index,CPIAUCSL,1956-05-01,27.03
Consumer Price Index,CPIAUCSL,1956-06-01,27.15
Consumer Price Index,CPIAUCSL,1956-07-01,27.29
Consumer Price Index,CPIAUCSL,1956-08-01,27.31
Consumer Price Index,CPIAUCSL,1956-09-01,27.35
Consumer Price Index,CPIAUCSL,1956-10-01,27.51
Consumer Price Index,CPIAUCSL,1956-11-01,27.51
Consumer Price Index,CPIAUCSL,1956-12-01,27.63
Consumer Price Index,CPIAUCSL,1957-01-01,27.67
Consumer Price Index,CPIAUCSL,1957-02-01,27.8
Consumer Price Index,CPIAUCSL,1957-03-01,27.86
Consumer Price Index,CPIAUCSL,1957-04-01,27.93
Consumer Price Index,CPIAUCSL,1957-05-01,28.0
Consumer Price Index,CPIAUCSL,1957-06-01,28.11
Consumer Price Index,CPIAUCSL,1957-07-01,28.19
Consumer Price Index,CPIAUCSL,1957-08-01,28.28
Consumer Price Index,CPIAUCSL,1957-09-01,28.32
Consumer Price Index,CPIAUCSL,1957-10-01,28.32
Consumer Price Index,CPIAUCSL,1957-11-01,28.41
Consumer Price Index,CPIAUCSL,1957-12-01,28.47
Consumer Price Index,CPIAUCSL,1958-01-01,28.64
Consumer Price Index,CPIAUCSL,1958-02-01,28.7
Consumer Price Index,CPIAUCSL,1958-03-01,28.87
Consumer Price Index,CPIAUCSL,1958-04-01,28.94
Consumer Price Index,CPIAUCSL,1958-05-01,28.94
Consumer Price Index,CPIAUCSL,1958-06-01,28.91
Consumer Price Index,CPIAUCSL,1958-07-01,28.89
Consumer Price Index,CPIAUCSL,1958-08-01,28.94
Consumer Price Index,CPIAUCSL,1958-09-01,28.91
Consumer Price Index,CPIAUCSL,1958-10-01,28.91
Consumer Price Index,CPIAUCSL,1958-11-01,28.95
Consumer Price Index,CPIAUCSL,1958-12-01,28.97
Consumer Price Index,CPIAUCSL,1959-01-01,29.01
Consumer Price Index,CPIAUCSL,1959-02-01,29.0
Consumer Price Index,CPIAUCSL,1959-03-01,28.97
Consumer Price Index,CPIAUCSL,1959-04-01,28.98
Consumer Price Index,CPIAUCSL,1959-05-01,29.04
Consumer Price Index,CPIAUCSL,1959-06-01,29.11
Consumer Price Index,CPIAUCSL,1959-07-01,29.15
Consumer Price Index,CPIAUCSL,1959-08-01,29.18
Consumer Price Index,CPIAUCSL,1959-09-01,29.25
Consumer Price Index,CPIAUCSL,1959-10-01,29.35
Consumer Price Index,CPIAUCSL,1959-11-01,29.35
Consumer Price Index,CPIAUCSL,1959-12-01,29.41
Consumer Price Index,CPIAUCSL,1960-01-01,29.37
Consumer Price Index,CPIAUCSL,1960-02-01,29.41
Consumer Price Index,CPIAUCSL,1960-03-01,29.41
Consumer Price Index,CPIAUCSL,1960-04-01,29.54
Consumer Price Index,CPIAUCSL,1960-05-01,29.57
Consumer Price Index,CPIAUCSL,1960-06-01,29.61
Consumer Price Index,CPIAUCSL,1960-07-01,29.55
Consumer Price Index,CPIAUCSL,1960-08-01,29.61
Consumer Price Index,CPIAUCSL,1960-09-01,29.61
Consumer Price Index,CPIAUCSL,1960-10-01,29.75
Consumer Price Index,CPIAUCSL,1960-11-01,29.78
Consumer Price Index,CPIAUCSL,1960-12-01,29.81
Consumer Price Index,CPIAUCSL,1961-01-01,29.84
Consumer Price Index,CPIAUCSL,1961-02-01,29.84
Consumer Price Index,CPIAUCSL,1961-03-01,29.84
Consumer Price Index,CPIAUCSL,1961-04-01,29.81
Consumer Price Index,CPIAUCSL,1961-05-01,29.84
Consumer Price Index,CPIAUCSL,1961-06-01,29.84
Consumer Price Index,CPIAUCSL,1961-07-01,29.92
Consumer Price Index,CPIAUCSL,1961-08-01,29.94
Consumer Price Index,CPIAUCSL,1961-09-01,29.98
Consumer Price Index,CPIAUCSL,1961-10-01,29.98
Consumer Price Index,CPIAUCSL,1961-11-01,29.98
Consumer Price Index,CPIAUCSL,1961-12-01,30.01
Consumer Price Index,CPIAUCSL,1962-01-01,30.04
Consumer Price Index,CPIAUCSL,1962-02-01,30.11
Consumer Price Index,CPIAUCSL,1962-03-01,30.17
Consumer Price Index,CPIAUCSL,1962-04-01,30.21
Consumer Price Index,CPIAUCSL,1962-05-01,30.24
Consumer Price Index,CPIAUCSL,1962-06-01,30.21
Consumer Price Index,CPIAUCSL,1962-07-01,30.22
Consumer Price Index,CPIAUCSL,1962-08-01,30.28
Consumer Price Index,CPIAUCSL,1962-09-01,30.42
Consumer Price Index,CPIAUCSL,1962-10-01,30.38
Consumer Price Index,CPIAUCSL,1962-11-01,30.38
Consumer Price Index,CPIAUCSL,1962-12-01,30.38
Consumer Price Index,CPIAUCSL,1963-01-01,30.44
Consumer Price Index,CPIAUCSL,1963-02-01,30.48
Consumer Price Index,CPIAUCSL,1963-03-01,30.51
Consumer Price Index,CPIAUCSL,1963-04-01,30.48
Consumer Price Index,CPIAUCSL,1963-05-01,30.51
Consumer Price Index,CPIAUCSL,1963-06-01,30.61
Consumer Price Index,CPIAUCSL,1963-07-01,30.69
Consumer Price Index,CPIAUCSL,1963-08-01,30.75
Consumer Price Index,CPIAUCSL,1963-09-01,30.72
Consumer Price Index,CPIAUCSL,1963-10-01,30.75
Consumer Price Index,CPIAUCSL,1963-11-01,30.78
Consumer Price Index,CPIAUCSL,1963-12-01,30.88
Consumer Price Index,CPIAUCSL,1964-01-01,30.94
Consumer Price Index,CPIAUCSL,1964-02-01,30.91
Consumer Price Index,CPIAUCSL,1964-03-01,30.94
Consumer Price Index,CPIAUCSL,1964-04-01,30.95
Consumer Price Index,CPIAUCSL,1964-05-01,30.98
Consumer Price Index,CPIAUCSL,1964-06-01,31.01
Consumer Price Index,CPIAUCSL,1964-07-01,31.02
Consumer Price Index,CPIAUCSL,1964-08-01,31.05
Consumer Price Index,CPIAUCSL,1964-09-01,31.08
Consumer Price Index,CPIAUCSL,1964-10-01,31.12
Consumer Price Index,CPIAUCSL,1964-11-01,31.21
Consumer Price Index,CPIAUCSL,1964-12-01,31.25
Consumer Price Index,CPIAUCSL,1965-01-01,31.28
Consumer Price Index,CPIAUCSL,1965-02-01,31.28
Consumer Price Index,CPIAUCSL,1965-03-01,31.31
Consumer Price Index,CPIAUCSL,1965-04-01,31.38
Consumer Price Index,CPIAUCSL,1965-05-01,31.48
Consumer Price Index,CPIAUCSL,1965-06-01,31.61
Consumer Price Index,CPIAUCSL,1965-07-01,31.58
Consumer Price Index,CPIAUCSL,1965-08-01,31.55
Consumer Price Index,CPIAUCSL,1965-09-01,31.62
Consumer Price Index,CPIAUCSL,1965-10-01,31.65
Consumer Price Index,CPIAUCSL,1965-11-01,31.75
Consumer Price Index,CPIAUCSL,1965-12-01,31.85
Consumer Price Index,CPIAUCSL,1966-01-01,31.88
Consumer Price Index,CPIAUCSL,1966-02-01,32.08
Consumer Price Index,CPIAUCSL,1966-03-01,32.18
Consumer Price Index,CPIAUCSL,1966-04-01,32.28
Consumer Price Index,CPIAUCSL,1966-05-01,32.35
Consumer Price Index,CPIAUCSL,1966-06-01,32.38
Consumer Price Index,CPIAUCSL,1966-07-01,32.45
Consumer Price Index,CPIAUCSL,1966-08-01,32.65
Consumer Price Index,CPIAUCSL,1966-09-01,32.75
Consumer Price Index,CPIAUCSL,1966-10-01,32.85
Consumer Price Index,CPIAUCSL,1966-11-01,32.88
Consumer Price Index,CPIAUCSL,1966-12-01,32.92
Consumer Price Index,CPIAUCSL,1967-01-01,32.9
Consumer Price Index,CPIAUCSL,1967-02-01,33.0
Consumer Price Index,CPIAUCSL,1967-03-01,33.0
Consumer Price Index,CPIAUCSL,1967-04-01,33.1
Consumer Price Index,CPIAUCSL,1967-05-01,33.1
Consumer Price Index,CPIAUCSL,1967-06-01,33.3
Consumer Price Index,CPIAUCSL,1967-07-01,33.4
Consumer Price Index,CPIAUCSL,1967-08-01,33.5
Consumer Price Index,CPIAUCSL,1967-09-01,33.6
Consumer Price Index,CPIAUCSL,1967-10-01,33.7
Consumer Price Index,CPIAUCSL,1967-11-01,33.9
Consumer Price Index,CPIAUCSL,1967-12-01,34.0
Consumer Price Index,CPIAUCSL,1968-01-01,34.1
Consumer Price Index,CPIAUCSL,1968-02-01,34.2
Consumer Price Index,CPIAUCSL,1968-03-01,34.3
Consumer Price Index,CPIAUCSL,1968-04-01,34.4
Consumer Price Index,CPIAUCSL,1968-05-01,34.5
Consumer Price Index,CPIAUCSL,1968-06-01,34.7
Consumer Price Index,CPIAUCSL,1968-07-01,34.9
Consumer Price Index,CPIAUCSL,1968-08-01,35.0
Consumer Price Index,CPIAUCSL,1968-09-01,35.1
Consumer Price Index,CPIAUCSL,1968-10-01,35.3
Consumer Price Index,CPIAUCSL,1968-11-01,35.4
Consumer Price Index,CPIAUCSL,1968-12-01,35.6
Consumer Price Index,CPIAUCSL,1969-01-01,35.7
Consumer Price Index,CPIAUCSL,1969-02-01,35.8
Consumer Price Index,CPIAUCSL,1969-03-01,36.1
Consumer Price Index,CPIAUCSL,1969-04-01,36.3
Consumer Price Index,CPIAUCSL,1969-05-01,36.4
Consumer Price Index,CPIAUCSL,1969-06-01,36.6
Consumer Price Index,CPIAUCSL,1969-07-01,36.8
Consumer Price Index,CPIAUCSL,1969-08-01,36.9
Consumer Price Index,CPIAUCSL,1969-09-01,37.1
Consumer Price Index,CPIAUCSL,1969-10-01,37.3
Consumer Price Index,CPIAUCSL,1969-11-01,37.5
Consumer Price Index,CPIAUCSL,1969-12-01,37.7
Consumer Price Index,CPIAUCSL,1970-01-01,37.9
Consumer Price Index,CPIAUCSL,1970-02-01,38.1
Consumer Price Index,CPIAUCSL,1970-03-01,38.3
Consumer Price Index,CPIAUCSL,1970-04-01,38.5
Consumer Price Index,CPIAUCSL,1970-05-01,38.6
Consumer Price Index,CPIAUCSL,1970-06-01,38.8
Consumer Price Index,CPIAUCSL,1970-07-01,38.9
Consumer Price Index,CPIAUCSL,1970-08-01,39.0
Consumer Price Index,CPIAUCSL,1970-09-01,39.2
Consumer Price Index,CPIAUCSL,1970-10-01,39.4
Consumer Price Index,CPIAUCSL,1970-11-01,39.6
Consumer Price Index,CPIAUCSL,1970-12-01,39.8
Consumer Price Index,CPIAUCSL,1971-01-01,39.9
Consumer Price Index,CPIAUCSL,1971-02-01,39.9
Consumer Price Index,CPIAUCSL,1971-03-01,40.0
Consumer Price Index,CPIAUCSL,1971-04-01,40.1
Consumer Price Index,CPIAUCSL,1971-05-01,40.3
Consumer Price Index,CPIAUCSL,1971-06-01,40.5
Consumer Price Index,CPIAUCSL,1971-07-01,40.6
Consumer Price Index,CPIAUCSL,1971-08-01,40.7
Consumer Price Index,CPIAUCSL,1971-09-01,40.8
Consumer Price Index,CPIAUCSL,1971-10-01,40.9
Consumer Price Index,CPIAUCSL,1971-11-01,41.0
Consumer Price Index,CPIAUCSL,1971-12-01,41.1
Consumer Price Index,CPIAUCSL,1972-01-01,41.2
Consumer Price Index,CPIAUCSL,1972-02-01,41.4
Consumer Price Index,CPIAUCSL,1972-03-01,41.4
Consumer Price Index,CPIAUCSL,1972-04-01,41.5
Consumer Price Index,CPIAUCSL,1972-05-01,41.6
Consumer Price Index,CPIAUCSL,1972-06-01,41.7
Consumer Price Index,CPIAUCSL,1972-07-01,41.8
Consumer Price Index,CPIAUCSL,1972-08-01,41.9
Consumer Price Index,CPIAUCSL,1972-09-01,42.1
Consumer Price Index,CPIAUCSL,1972-10-01,42.2
Consumer Price Index,CPIAUCSL,1972-11-01,42.4
Consumer Price Index,CPIAUCSL,1972-12-01,42.5
Consumer Price Index,CPIAUCSL,1973-01-01,42.7
Consumer Price Index,CPIAUCSL,1973-02-01,43.0
Consumer Price Index,CPIAUCSL,1973-03-01,43.4
Consumer Price Index,CPIAUCSL,1973-04-01,43.7
Consumer Price Index,CPIAUCSL,1973-05-01,43.9
Consumer Price Index,CPIAUCSL,1973-06-01,44.2
Consumer Price Index,CPIAUCSL,1973-07-01,44.2
Consumer Price Index,CPIAUCSL,1973-08-01,45.0
Consumer Price Index,CPIAUCSL,1973-09-01,45.2
Consumer Price Index,CPIAUCSL,1973-10-01,45.6
Consumer Price Index,CPIAUCSL,1973-11-01,45.9
Consumer Price Index,CPIAUCSL,1973-12-01,46.3
Consumer Price Index,CPIAUCSL,1974-01-01,46.8
Consumer Price Index,CPIAUCSL,1974-02-01,47.3
Consumer Price Index,CPIAUCSL,1974-03-01,47.8
Consumer Price Index,CPIAUCSL,1974-04-01,48.1
Consumer Price Index,CPIAUCSL,1974-05-01,48.6
Consumer Price Index,CPIAUCSL,1974-06-01,49.0
Consumer Price Index,CPIAUCSL,1974-07-01,49.3
Consumer Price Index,CPIAUCSL,1974-08-01,49.9
Consumer Price Index,CPIAUCSL,1974-09-01,50.6
Consumer Price Index,CPIAUCSL,1974-10-01,51.0
Consumer Price Index,CPIAUCSL,1974-11-01,51.5
Consumer Price Index,CPIAUCSL,1974-12-01,51.9
Consumer Price Index,CPIAUCSL,1975-01-01,52.3
Consumer Price Index,CPIAUCSL,1975-02-01,52.6
Consumer Price Index,CPIAUCSL,1975-03-01,52.8
Consumer Price Index,CPIAUCSL,1975-04-01,53.0
Consumer Price Index,CPIAUCSL,1975-05-01,53.1
Consumer Price Index,CPIAUCSL,1975-06-01,53.5
Consumer Price Index,CPIAUCSL,1975-07-01,54.0
Consumer Price Index,CPIAUCSL,1975-08-01,54.2
Consumer Price Index,CPIAUCSL,1975-09-01,54.6
Consumer Price Index,CPIAUCSL,1975-10-01,54.9
Consumer Price Index,CPIAUCSL,1975-11-01,55.3
Consumer Price Index,CPIAUCSL,1975-12-01,55.6
Consumer Price Index,CPIAUCSL,1976-01-01,55.8
Consumer Price Index,CPIAUCSL,1976-02-01,55.9
Consumer Price Index,CPIAUCSL,1976-03-01,56.0
Consumer Price Index,CPIAUCSL,1976-04-01,56.1
Consumer Price Index,CPIAUCSL,1976-05-01,56.4
Consumer Price Index,CPIAUCSL,1976-06-01,56.7
Consumer Price Index,CPIAUCSL,1976-07-01,57.0
Consumer Price Index,CPIAUCSL,1976-08-01,57.3
Consumer Price Index,CPIAUCSL,1976-09-01,57.6
Consumer Price Index,CPIAUCSL,1976-10-01,57.9
Consumer Price Index,CPIAUCSL,1976-11-01,58.1
Consumer Price Index,CPIAUCSL,1976-12-01,58.4
Consumer Price Index,CPIAUCSL,1977-01-01,58.7
Consumer Price Index,CPIAUCSL,1977-02-01,59.3
Consumer Price Index,CPIAUCSL,1977-03-01,59.6
Consumer Price Index,CPIAUCSL,1977-04-01,60.0
Consumer Price Index,CPIAUCSL,1977-05-01,60.2
Consumer Price Index,CPIAUCSL,1977-06-01,60.5
Consumer Price Index,CPIAUCSL,1977-07-01,60.8
Consumer Price Index,CPIAUCSL,1977-08-01,61.1
Consumer Price Index,CPIAUCSL,1977-09-01,61.3
Consumer Price Index,CPIAUCSL,1977-10-01,61.6
Consumer Price Index,CPIAUCSL,1977-11-01,62.0
Consumer Price Index,CPIAUCSL,1977-12-01,62.3
Consumer Price Index,CPIAUCSL,1978-01-01,62.7
Consumer Price Index,CPIAUCSL,1978-02-01,63.0
Consumer Price Index,CPIAUCSL,1978-03-01,63.4
Consumer Price Index,CPIAUCSL,1978-04-01,63.9
Consumer Price Index,CPIAUCSL,1978-05-01,64.5
Consumer Price Index,CPIAUCSL,1978-06-01,65.0
Consumer Price Index,CPIAUCSL,1978-07-01,65.5
Consumer Price Index,CPIAUCSL,1978-08-01,65.9
Consumer Price Index,CPIAUCSL,1978-09-01,66.5
Consumer Price Index,CPIAUCSL,1978-10-01,67.1
Consumer Price Index,CPIAUCSL,1978-11-01,67.5
Consumer Price Index,CPIAUCSL,1978-12-01,67.9
Consumer Price Index,CPIAUCSL,1979-01-01,68.5
Consumer Price Index,CPIAUCSL,1979-02-01,69.2
Consumer Price Index,CPIAUCSL,1979-03-01,69.9
Consumer Price Index,CPIAUCSL,1979-04-01,70.6
Consumer Price Index,CPIAUCSL,1979-05-01,71.4
Consumer Price Index,CPIAUCSL,1979-06-01,72.2
Consumer Price Index,CPIAUCSL,1979-07-01,73.0
Consumer Price Index,CPIAUCSL,1979-08-01,73.7
Consumer Price Index,CPIAUCSL,1979-09-01,74.4
Consumer Price Index,CPIAUCSL,1979-10-01,75.2
Consumer Price Index,CPIAUCSL,1979-11-01,76.0
Consumer Price Index,CPIAUCSL,1979-12-01,76.9
Consumer Price Index,CPIAUCSL,1980-01-01,78.0
Consumer Price Index,CPIAUCSL,1980-02-01,79.0
Consumer Price Index,CPIAUCSL,1980-03-01,80.1
Consumer Price Index,CPIAUCSL,1980-04-01,80.9
Consumer Price Index,CPIAUCSL,1980-05-01,81.7
Consumer Price Index,CPIAUCSL,1980-06-01,82.5
Consumer Price Index,CPIAUCSL,1980-07-01,82.6
Consumer Price Index,CPIAUCSL,1980-08-01,83.2
Consumer Price Index,CPIAUCSL,1980-09-01,83.9
Consumer Price Index,CPIAUCSL,1980-10-01,84.7
Consumer Price Index,CPIAUCSL,1980-11-01,85.6
Consumer Price Index,CPIAUCSL,1980-12-01,86.4
Consumer Price Index,CPIAUCSL,1981-01-01,87.2
Consumer Price Index,CPIAUCSL,1981-02-01,88.0
Consumer Price Index,CPIAUCSL,1981-03-01,88.6
Consumer Price Index,CPIAUCSL,1981-04-01,89.1
Consumer Price Index,CPIAUCSL,1981-05-01,89.7
Consumer Price Index,CPIAUCSL,1981-06-01,90.5
Consumer Price Index,CPIAUCSL,1981-07-01,91.5
Consumer Price Index,CPIAUCSL,1981-08-01,92.2
Consumer Price Index,CPIAUCSL,1981-09-01,93.1
Consumer Price Index,CPIAUCSL,1981-10-01,93.4
Consumer Price Index,CPIAUCSL,1981-11-01,93.8
Consumer Price Index,CPIAUCSL,1981-12-01,94.1
Consumer Price Index,CPIAUCSL,1982-01-01,94.4
Consumer Price Index,CPIAUCSL,1982-02-01,94.7
Consumer Price Index,CPIAUCSL,1982-03-01,94.7
Consumer Price Index,CPIAUCSL,1982-04-01,95.0
Consumer Price Index,CPIAUCSL,1982-05-01,95.9
Consumer Price Index,CPIAUCSL,1982-06-01,97.0
Consumer Price Index,CPIAUCSL,1982-07-01,97.5
Consumer Price Index,CPIAUCSL,1982-08-01,97.7
Consumer Price Index,CPIAUCSL,1982-09-01,97.7
Consumer Price Index,CPIAUCSL,1982-10-01,98.1
Consumer Price Index,CPIAUCSL,1982-11-01,98.0
Consumer Price Index,CPIAUCSL,1982-12-01,97.7
Consumer Price Index,CPIAUCSL,1983-01-01,97.9
Consumer Price Index,CPIAUCSL,1983-02-01,98.0
Consumer Price Index,CPIAUCSL,1983-03-01,98.1
Consumer Price Index,CPIAUCSL,1983-04-01,98.8
Consumer Price Index,CPIAUCSL,1983-05-01,99.2
Consumer Price Index,CPIAUCSL,1983-06-01,99.4
Consumer Price Index,CPIAUCSL,1983-07-01,99.8
Consumer Price Index,CPIAUCSL,1983-08-01,100.1
Consumer Price Index,CPIAUCSL,1983-09-01,100.4
Consumer Price Index,CPIAUCSL,1983-10-01,100.8
Consumer Price Index,CPIAUCSL,1983-11-01,101.1
Consumer Price Index,CPIAUCSL,1983-12-01,101.4
Consumer Price Index,CPIAUCSL,1984-01-01,102.1
Consumer Price Index,CPIAUCSL,1984-02-01,102.6
Consumer Price Index,CPIAUCSL,1984-03-01,102.9
Consumer Price Index,CPIAUCSL,1984-04-01,103.3
Consumer Price Index,CPIAUCSL,1984-05-01,103.5
Consumer Price Index,CPIAUCSL,1984-06-01,103.7
Consumer Price Index,CPIAUCSL,1984-07-01,104.1
Consumer Price Index,CPIAUCSL,1984-08-01,104.4
Consumer Price Index,CPIAUCSL,1984-09-01,104.7
Consumer Price Index,CPIAUCSL,1984-10-01,105.1
Consumer Price Index,CPIAUCSL,1984-11-01,105.3
Consumer Price Index,CPIAUCSL,1984-12-01,105.5
Consumer Price Index,CPIAUCSL,1985-01-01,105.7
Consumer Price Index,CPIAUCSL,1985-02-01,106.3
Consumer Price Index,CPIAUCSL,1985-03-01,106.8
Consumer Price Index,CPIAUCSL,1985-04-01,107.0
Consumer Price Index,CPIAUCSL,1985-05-01,107.2
Consumer Price Index,CPIAUCSL,1985-06-01,107.5
Consumer Price Index,CPIAUCSL,1985-07-01,107.7
Consumer Price Index,CPIAUCSL,1985-08-01,107.9
Consumer Price Index,CPIAUCSL,1985-09-01,108.1
Consumer Price Index,CPIAUCSL,1985-10-01,108.5
Consumer Price Index,CPIAUCSL,1985-11-01,109.0
Consumer Price Index,CPIAUCSL,1985-12-01,109.5
Consumer Price Index,CPIAUCSL,1986-01-01,109.9
Consumer Price Index,CPIAUCSL,1986-02-01,109.7
Consumer Price Index,CPIAUCSL,1986-03-01,109.1
Consumer Price Index,CPIAUCSL,1986-04-01,108.7
Consumer Price Index,CPIAUCSL,1986-05-01,109.0
Consumer Price Index,CPIAUCSL,1986-06-01,109.4
Consumer Price Index,CPIAUCSL,1986-07-01,109.5
Consumer Price Index,CPIAUCSL,1986-08-01,109.6
Consumer Price Index,CPIAUCSL,1986-09-01,110.0
Consumer Price Index,CPIAUCSL,1986-10-01,110.2
Consumer Price Index,CPIAUCSL,1986-11-01,110.4
Consumer Price Index,CPIAUCSL,1986-12-01,110.8
Consumer Price Index,CPIAUCSL,1987-01-01,111.4
Consumer Price Index,CPIAUCSL,1987-02-01,111.8
Consumer Price Index,CPIAUCSL,1987-03-01,112.2
Consumer Price Index,CPIAUCSL,1987-04-01,112.7
Consumer Price Index,CPIAUCSL,1987-05-01,113.0
Consumer Price Index,CPIAUCSL,1987-06-01,113.5
Consumer Price Index,CPIAUCSL,1987-07-01,113.8
Consumer Price Index,CPIAUCSL,1987-08-01,114.3
Consumer Price Index,CPIAUCSL,1987-09-01,114.7
Consumer Price Index,CPIAUCSL,1987-10-01,115.0
Consumer Price Index,CPIAUCSL,1987-11-01,115.4
Consumer Price Index,CPIAUCSL,1987-12-01,115.6
Consumer Price Index,CPIAUCSL,1988-01-01,116.0
Consumer Price Index,CPIAUCSL,1988-02-01,116.2
Consumer Price Index,CPIAUCSL,1988-03-01,116.5
Consumer Price Index,CPIAUCSL,1988-04-01,117.2
Consumer Price Index,CPIAUCSL,1988-05-01,117.5
Consumer Price Index,CPIAUCSL,1988-06-01,118.0
Consumer Price Index,CPIAUCSL,1988-07-01,118.5
Consumer Price Index,CPIAUCSL,1988-08-01,119.0
Consumer Price Index,CPIAUCSL,1988-09-01,119.5
Consumer Price Index,CPIAUCSL,1988-10-01,119.9
Consumer Price Index,CPIAUCSL,1988-11-01,120.3
Consumer Price Index,CPIAUCSL,1988-12-01,120.7
Consumer Price Index,CPIAUCSL,1989-01-01,121.2
Consumer Price Index,CPIAUCSL,1989-02-01,121.6
Consumer Price Index,CPIAUCSL,1989-03-01,122.2
Consumer Price Index,CPIAUCSL,1989-04-01,123.1
Consumer Price Index,CPIAUCSL,1989-05-01,123.7
Consumer Price Index,CPIAUCSL,1989-06-01,124.1
Consumer Price Index,CPIAUCSL,1989-07-01,124.5
Consumer Price Index,CPIAUCSL,1989-08-01,124.5
Consumer Price Index,CPIAUCSL,1989-09-01,124.8
Consumer Price Index,CPIAUCSL,1989-10-01,125.4
Consumer Price Index,CPIAUCSL,1989-11-01,125.9
Consumer Price Index,CPIAUCSL,1989-12-01,126.3
Consumer Price Index,CPIAUCSL,1990-01-01,127.5
Consumer Price Index,CPIAUCSL,1990-02-01,128.0
Consumer Price Index,CPIAUCSL,1990-03-01,128.6
Consumer Price Index,CPIAUCSL,1990-04-01,128.9
Consumer Price Index,CPIAUCSL,1990-05-01,129.1
Consumer Price Index,CPIAUCSL,1990-06-01,129.9
Consumer Price Index,CPIAUCSL,1990-07-01,130.5
Consumer Price Index,CPIAUCSL,1990-08-01,131.6
Consumer Price Index,CPIAUCSL,1990-09-01,132.5
Consumer Price Index,CPIAUCSL,1990-10-01,133.4
Consumer Price Index,CPIAUCSL,1990-11-01,133.7
Consumer Price Index,CPIAUCSL,1990-12-01,134.2
Consumer Price Index,CPIAUCSL,1991-01-01,134.7
Consumer Price Index,CPIAUCSL,1991-02-01,134.8
Consumer Price Index,CPIAUCSL,1991-03-01,134.8
Consumer Price Index,CPIAUCSL,1991-04-01,135.1
Consumer Price Index,CPIAUCSL,1991-05-01,135.6
Consumer Price Index,CPIAUCSL,1991-06-01,136.0
Consumer Price Index,CPIAUCSL,1991-07-01,136.2
Consumer Price Index,CPIAUCSL,1991-08-01,136.6
Consumer Price Index,CPIAUCSL,1991-09-01,137.0
Consumer Price Index,CPIAUCSL,1991-10-01,137.2
Consumer Price Index,CPIAUCSL,1991-11-01,137.8
Consumer Price Index,CPIAUCSL,1991-12-01,138.2
Consumer Price Index,CPIAUCSL,1992-01-01,138.3
Consumer Price Index,CPIAUCSL,1992-02-01,138.6
Consumer Price Index,CPIAUCSL,1992-03-01,139.1
Consumer Price Index,CPIAUCSL,1992-04-01,139.4
Consumer Price Index,CPIAUCSL,1992-05-01,139.7
Consumer Price Index,CPIAUCSL,1992-06-01,140.1
Consumer Price Index,CPIAUCSL,1992-07-01,140.5
Consumer Price Index,CPIAUCSL,1992-08-01,140.8
Consumer Price Index,CPIAUCSL,1992-09-01,141.1
Consumer Price Index,CPIAUCSL,1992-10-01,141.7
Consumer Price Index,CPIAUCSL,1992-11-01,142.1
Consumer Price Index,CPIAUCSL,1992-12-01,142.3
Consumer Price Index,CPIAUCSL,1993-01-01,142.8
Consumer Price Index,CPIAUCSL,1993-02-01,143.1
Consumer Price Index,CPIAUCSL,1993-03-01,143.3
Consumer Price Index,CPIAUCSL,1993-04-01,143.8
Consumer Price Index,CPIAUCSL,1993-05-01,144.2
Consumer Price Index,CPIAUCSL,1993-06-01,144.3
Consumer Price Index,CPIAUCSL,1993-07-01,144.5
Consumer Price Index,CPIAUCSL,1993-08-01,144.8
Consumer Price Index,CPIAUCSL,1993-09-01,145.0
Consumer Price Index,CPIAUCSL,1993-10-01,145.6
Consumer Price Index,CPIAUCSL,1993-11-01,146.0
Consumer Price Index,CPIAUCSL,1993-12-01,146.3
Consumer Price Index,CPIAUCSL,1994-01-01,146.3
Consumer Price Index,CPIAUCSL,1994-02-01,146.7
Consumer Price Index,CPIAUCSL,1994-03-01,147.1
Consumer Price Index,CPIAUCSL,1994-04-01,147.2
Consumer Price Index,CPIAUCSL,1994-05-01,147.5
Consumer Price Index,CPIAUCSL,1994-06-01,147.9
Consumer Price Index,CPIAUCSL,1994-07-01,148.4
Consumer Price Index,CPIAUCSL,1994-08-01,149.0
Consumer Price Index,CPIAUCSL,1994-09-01,149.3
Consumer Price Index,CPIAUCSL,1994-10-01,149.4
Consumer Price Index,CPIAUCSL,1994-11-01,149.8
Consumer Price Index,CPIAUCSL,1994-12-01,150.1
Consumer Price Index,CPIAUCSL,1995-01-01,150.5
Consumer Price Index,CPIAUCSL,1995-02-01,150.9
Consumer Price Index,CPIAUCSL,1995-03-01,151.2
Consumer Price Index,CPIAUCSL,1995-04-01,151.8
Consumer Price Index,CPIAUCSL,1995-05-01,152.1
Consumer Price Index,CPIAUCSL,1995-06-01,152.4
Consumer Price Index,CPIAUCSL,1995-07-01,152.6
Consumer Price Index,CPIAUCSL,1995-08-01,152.9
Consumer Price Index,CPIAUCSL,1995-09-01,153.1
Consumer Price Index,CPIAUCSL,1995-10-01,153.5
Consumer Price Index,CPIAUCSL,1995-11-01,153.7
Consumer Price Index,CPIAUCSL,1995-12-01,153.9
Consumer Price Index,CPIAUCSL,1996-01-01,154.7
Consumer Price Index,CPIAUCSL,1996-02-01,155.0
Consumer Price Index,CPIAUCSL,1996-03-01,155.5
Consumer Price Index,CPIAUCSL,1996-04-01,156.1
Consumer Price Index,CPIAUCSL,1996-05-01,156.4
Consumer Price Index,CPIAUCSL,1996-06-01,156.7
Consumer Price Index,CPIAUCSL,1996-07-01,157.0
Consumer Price Index,CPIAUCSL,1996-08-01,157.2
Consumer Price Index,CPIAUCSL,1996-09-01,157.7
Consumer Price Index,CPIAUCSL,1996-10-01,158.2
Consumer Price Index,CPIAUCSL,1996-11-01,158.7
Consumer Price Index,CPIAUCSL,1996-12-01,159.1
Consumer Price Index,CPIAUCSL,1997-01-01,159.4
Consumer Price Index,CPIAUCSL,1997-02-01,159.7
Consumer Price Index,CPIAUCSL,1997-03-01,159.8
Consumer Price Index,CPIAUCSL,1997-04-01,159.9
Consumer Price Index,CPIAUCSL,1997-05-01,159.9
Consumer Price Index,CPIAUCSL,1997-06-01,160.2
Consumer Price Index,CPIAUCSL,1997-07-01,160.4
Consumer Price Index,CPIAUCSL,1997-08-01,160.8
Consumer Price Index,CPIAUCSL,1997-09-01,161.2
Consumer Price Index,CPIAUCSL,1997-10-01,161.5
Consumer Price Index,CPIAUCSL,1997-11-01,161.7
Consumer Price Index,CPIAUCSL,1997-12-01,161.8
Consumer Price Index,CPIAUCSL,1998-01-01,162.0
Consumer Price Index,CPIAUCSL,1998-02-01,162.0
Consumer Price Index,CPIAUCSL,1998-03-01,162.0
Consumer Price Index,CPIAUCSL,1998-04-01,162.2
Consumer Price Index,CPIAUCSL,1998-05-01,162.6
Consumer Price Index,CPIAUCSL,1998-06-01,162.8
Consumer Price Index,CPIAUCSL,1998-07-01,163.2
Consumer Price Index,CPIAUCSL,1998-08-01,163.4
Consumer Price Index,CPIAUCSL,1998-09-01,163.5
Consumer Price Index,CPIAUCSL,1998-10-01,163.9
Consumer Price Index,CPIAUCSL,1998-11-01,164.1
Consumer Price Index,CPIAUCSL,1998-12-01,164.4
Consumer Price Index,CPIAUCSL,1999-01-01,164.7
Consumer Price Index,CPIAUCSL,1999-02-01,164.7
Consumer Price Index,CPIAUCSL,1999-03-01,164.8
Consumer Price Index,CPIAUCSL,1999-04-01,165.9
Consumer Price Index,CPIAUCSL,1999-05-01,166.0
Consumer Price Index,CPIAUCSL,1999-06-01,166.0
Consumer Price Index,CPIAUCSL,1999-07-01,166.7
Consumer Price Index,CPIAUCSL,1999-08-01,167.1
Consumer Price Index,CPIAUCSL,1999-09-01,167.8
Consumer Price Index,CPIAUCSL,1999-10-01,168.1
Consumer Price Index,CPIAUCSL,1999-11-01,168.4
Consumer Price Index,CPIAUCSL,1999-12-01,168.8
Consumer Price Index,CPIAUCSL,2000-01-01,169.3
Consumer Price Index,CPIAUCSL,2000-02-01,170.0
Consumer Price Index,CPIAUCSL,2000-03-01,171.0
Consumer Price Index,CPIAUCSL,2000-04-01,170.9
Consumer Price Index,CPIAUCSL,2000-05-01,171.2
Consumer Price Index,CPIAUCSL,2000-06-01,172.2
Consumer Price Index,CPIAUCSL,2000-07-01,172.7
Consumer Price Index,CPIAUCSL,2000-08-01,172.7
Consumer Price Index,CPIAUCSL,2000-09-01,173.6
Consumer Price Index,CPIAUCSL,2000-10-01,173.9
Consumer Price Index,CPIAUCSL,2000-11-01,174.2
Consumer Price Index,CPIAUCSL,2000-12-01,174.6
Consumer Price Index,CPIAUCSL,2001-01-01,175.6
Consumer Price Index,CPIAUCSL,2001-02-01,176.0
Consumer Price Index,CPIAUCSL,2001-03-01,176.1
Consumer Price Index,CPIAUCSL,2001-04-01,176.4
Consumer Price Index,CPIAUCSL,2001-05-01,177.3
Consumer Price Index,CPIAUCSL,2001-06-01,177.7
Consumer Price Index,CPIAUCSL,2001-07-01,177.4
Consumer Price Index,CPIAUCSL,2001-08-01,177.4
Consumer Price Index,CPIAUCSL,2001-09-01,178.1
Consumer Price Index,CPIAUCSL,2001-10-01,177.6
Consumer Price Index,CPIAUCSL,2001-11-01,177.5
Consumer Price Index,CPIAUCSL,2001-12-01,177.4
Consumer Price Index,CPIAUCSL,2002-01-01,177.7
Consumer Price Index,CPIAUCSL,2002-02-01,178.0
Consumer Price Index,CPIAUCSL,2002-03-01,178.5
Consumer Price Index,CPIAUCSL,2002-04-01,179.3
Consumer Price Index,CPIAUCSL,2002-05-01,179.5
Consumer Price Index,CPIAUCSL,2002-06-01,179.6
Consumer Price Index,CPIAUCSL,2002-07-01,180.0
Consumer Price Index,CPIAUCSL,2002-08-01,180.5
Consumer Price Index,CPIAUCSL,2002-09-01,180.8
Consumer Price Index,CPIAUCSL,2002-10-01,181.2
Consumer Price Index,CPIAUCSL,2002-11-01,181.5
Consumer Price Index,CPIAUCSL,2002-12-01,181.8
Consumer Price Index,CPIAUCSL,2003-01-01,182.6
Consumer Price Index,CPIAUCSL,2003-02-01,183.6
Consumer Price Index,CPIAUCSL,2003-03-01,183.9
Consumer Price Index,CPIAUCSL,2003-04-01,183.2
Consumer Price Index,CPIAUCSL,2003-05-01,182.9
Consumer Price Index,CPIAUCSL,2003-06-01,183.1
Consumer Price Index,CPIAUCSL,2003-07-01,183.7
Consumer Price Index,CPIAUCSL,2003-08-01,184.5
Consumer Price Index,CPIAUCSL,2003-09-01,185.1
Consumer Price Index,CPIAUCSL,2003-10-01,184.9
Consumer Price Index,CPIAUCSL,2003-11-01,185.0
Consumer Price Index,CPIAUCSL,2003-12-01,185.5
Consumer Price Index,CPIAUCSL,2004-01-01,186.3
Consumer Price Index,CPIAUCSL,2004-02-01,186.7
Consumer Price Index,CPIAUCSL,2004-03-01,187.1
Consumer Price Index,CPIAUCSL,2004-04-01,187.4
Consumer Price Index,CPIAUCSL,2004-05-01,188.2
Consumer Price Index,CPIAUCSL,2004-06-01,188.9
Consumer Price Index,CPIAUCSL,2004-07-01,189.1
Consumer Price Index,CPIAUCSL,2004-08-01,189.2
Consumer Price Index,CPIAUCSL,2004-09-01,189.8
Consumer Price Index,CPIAUCSL,2004-10-01,190.8
Consumer Price Index,CPIAUCSL,2004-11-01,191.7
Consumer Price Index,CPIAUCSL,2004-12-01,191.7
Consumer Price Index,CPIAUCSL,2005-01-01,191.6
Consumer Price Index,CPIAUCSL,2005-02-01,192.4
Consumer Price Index,CPIAUCSL,2005-03-01,193.1
Consumer Price Index,CPIAUCSL,2005-04-01,193.7
Consumer Price Index,CPIAUCSL,2005-05-01,193.6
Consumer Price Index,CPIAUCSL,2005-06-01,193.7
Consumer Price Index,CPIAUCSL,2005-07-01,194.9
Consumer Price Index,CPIAUCSL,2005-08-01,196.1
Consumer Price Index,CPIAUCSL,2005-09-01,198.8
Consumer Price Index,CPIAUCSL,2005-10-01,199.1
Consumer Price Index,CPIAUCSL,2005-11-01,198.1
Consumer Price Index,CPIAUCSL,2005-12-01,198.1
Consumer Price Index,CPIAUCSL,2006-01-01,199.3
Consumer Price Index,CPIAUCSL,2006-02-01,199.4
Consumer Price Index,CPIAUCSL,2006-03-01,199.7
Consumer Price Index,CPIAUCSL,2006-04-01,200.7
Consumer Price Index,CPIAUCSL,2006-05-01,201.3
Consumer Price Index,CPIAUCSL,2006-06-01,201.8
Consumer Price Index,CPIAUCSL,2006-07-01,202.9
Consumer Price Index,CPIAUCSL,2006-08-01,203.8
Consumer Price Index,CPIAUCSL,2006-09-01,202.8
Consumer Price Index,CPIAUCSL,2006-10-01,201.9
Consumer Price Index,CPIAUCSL,2006-11-01,202.0
Consumer Price Index,CPIAUCSL,2006-12-01,203.1
Consumer Price Index,CPIAUCSL,2007-01-01,203.437
Consumer Price Index,CPIAUCSL,2007-02-01,204.226
Consumer Price Index,CPIAUCSL,2007-03-01,205.288
Consumer Price Index,CPIAUCSL,2007-04-01,205.904
Consumer Price Index,CPIAUCSL,2007-05-01,206.755
Consumer Price Index,CPIAUCSL,2007-06-01,207.234
Consumer Price Index,CPIAUCSL,2007-07-01,207.603
Consumer Price Index,CPIAUCSL,2007-08-01,207.667
Consumer Price Index,CPIAUCSL,2007-09-01,208.547
Consumer Price Index,CPIAUCSL,2007-10-01,209.19
Consumer Price Index,CPIAUCSL,2007-11-01,210.834
Consumer Price Index,CPIAUCSL,2007-12-01,211.445
Consumer Price Index,CPIAUCSL,2008-01-01,212.174
Consumer Price Index,CPIAUCSL,2008-02-01,212.687
Consumer Price Index,CPIAUCSL,2008-03-01,213.448
Consumer Price Index,CPIAUCSL,2008-04-01,213.942
Consumer Price Index,CPIAUCSL,2008-05-01,215.208
Consumer Price Index,CPIAUCSL,2008-06-01,217.463
Consumer Price Index,CPIAUCSL,2008-07-01,219.016
Consumer Price Index,CPIAUCSL,2008-08-01,218.69
Consumer Price Index,CPIAUCSL,2008-09-01,218.877
Consumer Price Index,CPIAUCSL,2008-10-01,216.995
Consumer Price Index,CPIAUCSL,2008-11-01,213.153
Consumer Price Index,CPIAUCSL,2008-12-01,211.398
Consumer Price Index,CPIAUCSL,2009-01-01,211.933
Consumer Price Index,CPIAUCSL,2009-02-01,212.705
Consumer Price Index,CPIAUCSL,2009-03-01,212.495
Consumer Price Index,CPIAUCSL,2009-04-01,212.709
Consumer Price Index,CPIAUCSL,2009-05-01,213.022
Consumer Price Index,CPIAUCSL,2009-06-01,214.79
Consumer Price Index,CPIAUCSL,2009-07-01,214.726
Consumer Price Index,CPIAUCSL,2009-08-01,215.445
Consumer Price Index,CPIAUCSL,2009-09-01,215.861
Consumer Price Index,CPIAUCSL,2009-10-01,216.509
Consumer Price Index,CPIAUCSL,2009-11-01,217.234
Consumer Price Index,CPIAUCSL,2009-12-01,217.347
Consumer Price Index,CPIAUCSL,2010-01-01,217.488
Consumer Price Index,CPIAUCSL,2010-02-01,217.281
Consumer Price Index,CPIAUCSL,2010-03-01,217.353
Consumer Price Index,CPIAUCSL,2010-04-01,217.403
Consumer Price Index,CPIAUCSL,2010-05-01,217.29
Consumer Price Index,CPIAUCSL,2010-06-01,217.199
Consumer Price Index,CPIAUCSL,2010-07-01,217.605
Consumer Price Index,CPIAUCSL,2010-08-01,217.923
Consumer Price Index,CPIAUCSL,2010-09-01,218.275
Consumer Price Index,CPIAUCSL,2010-10-01,219.035
Consumer Price Index,CPIAUCSL,2010-11-01,219.59
Consumer Price Index,CPIAUCSL,2010-12-01,220.472
Consumer Price Index,CPIAUCSL,2011-01-01,221.187
Consumer Price Index,CPIAUCSL,2011-02-01,221.898
Consumer Price Index,CPIAUCSL,2011-03-01,223.046
Consumer Price Index,CPIAUCSL,2011-04-01,224.093
Consumer Price Index,CPIAUCSL,2011-05-01,224.806
Consumer Price Index,CPIAUCSL,2011-06-01,224.806
Consumer Price Index,CPIAUCSL,2011-07-01,225.395
Consumer Price Index,CPIAUCSL,2011-08-01,226.106
Consumer Price Index,CPIAUCSL,2011-09-01,226.597
Consumer Price Index,CPIAUCSL,2011-10-01,226.75
Consumer Price Index,CPIAUCSL,2011-11-01,227.169
Consumer Price Index,CPIAUCSL,2011-12-01,227.223
Consumer Price Index,CPIAUCSL,2012-01-01,227.842
Consumer Price Index,CPIAUCSL,2012-02-01,228.329
Consumer Price Index,CPIAUCSL,2012-03-01,228.807
Consumer Price Index,CPIAUCSL,2012-04-01,229.187
Consumer Price Index,CPIAUCSL,2012-05-01,228.713
Consumer Price Index,CPIAUCSL,2012-06-01,228.524
Consumer Price Index,CPIAUCSL,2012-07-01,228.59
Consumer Price Index,CPIAUCSL,2012-08-01,229.918
Consumer Price Index,CPIAUCSL,2012-09-01,231.015
Consumer Price Index,CPIAUCSL,2012-10-01,231.638
Consumer Price Index,CPIAUCSL,2012-11-01,231.249
Consumer Price Index,CPIAUCSL,2012-12-01,231.221
Consumer Price Index,CPIAUCSL,2013-01-01,231.679
Consumer Price Index,CPIAUCSL,2013-02-01,232.937
Consumer Price Index,CPIAUCSL,2013-03-01,232.282
Consumer Price Index,CPIAUCSL,2013-04-01,231.797
Consumer Price Index,CPIAUCSL,2013-05-01,231.893
Consumer Price Index,CPIAUCSL,2013-06-01,232.445
Consumer Price Index,CPIAUCSL,2013-07-01,232.9
Consumer Price Index,CPIAUCSL,2013-08-01,233.456
Consumer Price Index,CPIAUCSL,2013-09-01,233.544
Consumer Price Index,CPIAUCSL,2013-10-01,233.669
Consumer Price Index,CPIAUCSL,2013-11-01,234.1
Consumer Price Index,CPIAUCSL,2013-12-01,234.719
Consumer Price Index,CPIAUCSL,2014-01-01,235.288
Consumer Price Index,CPIAUCSL,2014-02-01,235.547
Consumer Price Index,CPIAUCSL,2014-03-01,236.028
Consumer Price Index,CPIAUCSL,2014-04-01,236.468
Consumer Price Index,CPIAUCSL,2014-05-01,236.918
Consumer Price Index,CPIAUCSL,2014-06-01,237.231
Consumer Price Index,CPIAUCSL,2014-07-01,237.498
Consumer Price Index,CPIAUCSL,2014-08-01,237.46
Consumer Price Index,CPIAUCSL,2014-09-01,237.477
Consumer Price Index,CPIAUCSL,2014-10-01,237.43
Consumer Price Index,CPIAUCSL,2014-11-01,236.983
Consumer Price Index,CPIAUCSL,2014-12-01,236.252
Consumer Price Index,CPIAUCSL,2015-01-01,234.747
Consumer Price Index,CPIAUCSL,2015-02-01,235.342
Consumer Price Index,CPIAUCSL,2015-03-01,235.976
Consumer Price Index,CPIAUCSL,2015-04-01,236.222
Consumer Price Index,CPIAUCSL,2015-05-01,237.001
Consumer Price Index,CPIAUCSL,2015-06-01,237.657
Consumer Price Index,CPIAUCSL,2015-07-01,238.034
Consumer Price Index,CPIAUCSL,2015-08-01,238.033
Consumer Price Index,CPIAUCSL,2015-09-01,237.498
Consumer Price Index,CPIAUCSL,2015-10-01,237.733
Consumer Price Index,CPIAUCSL,2015-11-01,238.017
Consumer Price Index,CPIAUCSL,2015-12-01,237.761
Consumer Price Index,CPIAUCSL,2016-01-01,237.652
Consumer Price Index,CPIAUCSL,2016-02-01,237.336
Consumer Price Index,CPIAUCSL,2016-03-01,238.08
Consumer Price Index,CPIAUCSL,2016-04-01,238.992
Consumer Price Index,CPIAUCSL,2016-05-01,239.557
Consumer Price Index,CPIAUCSL,2016-06-01,240.222
Consumer Price Index,CPIAUCSL,2016-07-01,240.101
Consumer Price Index,CPIAUCSL,2016-08-01,240.545
Consumer Price Index,CPIAUCSL,2016-09-01,241.176
Consumer Price Index,CPIAUCSL,2016-10-01,241.741
Consumer Price Index,CPIAUCSL,2016-11-01,242.026
Consumer Price Index,CPIAUCSL,2016-12-01,242.637
Consumer Price Index,CPIAUCSL,2017-01-01,243.618
Consumer Price Index,CPIAUCSL,2017-02-01,244.006
Consumer Price Index,CPIAUCSL,2017-03-01,243.892
Consumer Price Index,CPIAUCSL,2017-04-01,244.193
Consumer Price Index,CPIAUCSL,2017-05-01,244.004
Consumer Price Index,CPIAUCSL,2017-06-01,244.163
Consumer Price Index,CPIAUCSL,2017-07-01,244.243
Consumer Price Index,CPIAUCSL,2017-08-01,245.183
Consumer Price Index,CPIAUCSL,2017-09-01,246.435
Consumer Price Index,CPIAUCSL,2017-10-01,246.626
Consumer Price Index,CPIAUCSL,2017-11-01,247.284
Consumer Price Index,CPIAUCSL,2017-12-01,247.805
Consumer Price Index,CPIAUCSL,2018-01-01,248.859
Consumer Price Index,CPIAUCSL,2018-02-01,249.529
Consumer Price Index,CPIAUCSL,2018-03-01,249.577
Consumer Price Index,CPIAUCSL,2018-04-01,250.227
Consumer Price Index,CPIAUCSL,2018-05-01,250.792
Consumer Price Index,CPIAUCSL,2018-06-01,251.018
Consumer Price Index,CPIAUCSL,2018-07-01,251.214
Consumer Price Index,CPIAUCSL,2018-08-01,251.663
Consumer Price Index,CPIAUCSL,2018-09-01,252.182
Consumer Price Index,CPIAUCSL,2018-10-01,252.772
Consumer Price Index,CPIAUCSL,2018-11-01,252.594
Consumer Price Index,CPIAUCSL,2018-12-01,252.767
Consumer Price Index,CPIAUCSL,2019-01-01,252.561
Consumer Price Index,CPIAUCSL,2019-02-01,253.319
Consumer Price Index,CPIAUCSL,2019-03-01,254.277
Consumer Price Index,CPIAUCSL,2019-04-01,255.233
Consumer Price Index,CPIAUCSL,2019-05-01,255.296
Consumer Price Index,CPIAUCSL,2019-06-01,255.213
Consumer Price Index,CPIAUCSL,2019-07-01,255.802
Consumer Price Index,CPIAUCSL,2019-08-01,256.036
Consumer Price Index,CPIAUCSL,2019-09-01,256.43
Consumer Price Index,CPIAUCSL,2019-10-01,257.155
Consumer Price Index,CPIAUCSL,2019-11-01,257.879
Consumer Price Index,CPIAUCSL,2019-12-01,258.63
Consumer Price Index,CPIAUCSL,2020-01-01,259.127
Consumer Price Index,CPIAUCSL,2020-02-01,259.25
Consumer Price Index,CPIAUCSL,2020-03-01,258.076
Consumer Price Index,CPIAUCSL,2020-04-01,256.032
Consumer Price Index,CPIAUCSL,2020-05-01,255.802
Consumer Price Index,CPIAUCSL,2020-06-01,257.042
Consumer Price Index,CPIAUCSL,2020-07-01,258.352
Consumer Price Index,CPIAUCSL,2020-08-01,259.316
Consumer Price Index,CPIAUCSL,2020-09-01,259.997
Consumer Price Index,CPIAUCSL,2020-10-01,260.319
Consumer Price Index,CPIAUCSL,2020-11-01,260.911
Consumer Price Index,CPIAUCSL,2020-12-01,262.045
Consumer Price Index,CPIAUCSL,2021-01-01,262.687
Consumer Price Index,CPIAUCSL,2021-02-01,263.579
Consumer Price Index,CPIAUCSL,2021-03-01,264.961
Consumer Price Index,CPIAUCSL,2021-04-01,266.614
Consumer Price Index,CPIAUCSL,2021-05-01,268.383
Consumer Price Index,CPIAUCSL,2021-06-01,270.654
Consumer Price Index,CPIAUCSL,2021-07-01,271.903
Consumer Price Index,CPIAUCSL,2021-08-01,272.676
Consumer Price Index,CPIAUCSL,2021-09-01,273.91
Consumer Price Index,CPIAUCSL,2021-10-01,276.55
Consumer Price Index,CPIAUCSL,2021-11-01,278.919
Consumer Price Index,CPIAUCSL,2021-12-01,280.845
Consumer Price Index,CPIAUCSL,2022-01-01,282.543
Consumer Price Index,CPIAUCSL,2022-02-01,284.5
Consumer Price Index,CPIAUCSL,2022-03-01,287.674
Consumer Price Index,CPIAUCSL,2022-04-01,288.561
Consumer Price Index,CPIAUCSL,2022-05-01,291.298
Consumer Price Index,CPIAUCSL,2022-06-01,294.957
Consumer Price Index,CPIAUCSL,2022-07-01,294.913
Consumer Price Index,CPIAUCSL,2022-08-01,295.097
Consumer Price Index,CPIAUCSL,2022-09-01,296.349
Consumer Price Index,CPIAUCSL,2022-10-01,298.007
Consumer Price Index,CPIAUCSL,2022-11-01,298.786
Consumer Price Index,CPIAUCSL,2022-12-01,298.832
Consumer Price Index,CPIAUCSL,2023-01-01,300.42
Consumer Price Index,CPIAUCSL,2023-02-01,301.45
Consumer Price Index,CPIAUCSL,2023-03-01,301.821
Consumer Price Index,CPIAUCSL,2023-04-01,302.845
Consumer Price Index,CPIAUCSL,2023-05-01,303.334
Consumer Price Index,CPIAUCSL,2023-06-01,304.014
Consumer Price Index,CPIAUCSL,2023-07-01,304.609
Consumer Price Index,CPIAUCSL,2023-08-01,306.082
Consumer Price Index,CPIAUCSL,2023-09-01,307.276
Consumer Price Index,CPIAUCSL,2023-10-01,307.696
Consumer Price Index,CPIAUCSL,2023-11-01,308.148
Consumer Price Index,CPIAUCSL,2023-12-01,308.741
Consumer Price Index,CPIAUCSL,2024-01-01,309.698
Consumer Price Index,CPIAUCSL,2024-02-01,310.967
Consumer Price Index,CPIAUCSL,2024-03-01,312.345
Consumer Price Index,CPIAUCSL,2024-04-01,313.023
Consumer Price Index,CPIAUCSL,2024-05-01,313.175
Consumer Price Index,CPIAUCSL,2024-06-01,313.044
Consumer Price Index,CPIAUCSL,2024-07-01,313.569
Consumer Price Index,CPIAUCSL,2024-08-01,314.062
Consumer Price Index,CPIAUCSL,2024-09-01,314.732
Consumer Price Index,CPIAUCSL,2024-10-01,315.631
Consumer Price Index,CPIAUCSL,2024-11-01,316.528
Consumer Price Index,CPIAUCSL,2024-12-01,317.604
Consumer Price Index,CPIAUCSL,2025-01-01,318.961
Consumer Price Index,CPIAUCSL,2025-02-01,319.679
Consumer Price Index,CPIAUCSL,2025-03-01,319.785
Consumer Price Index,CPIAUCSL,2025-04-01,320.302
Consumer Price Index,CPIAUCSL,2025-05-01,320.62
Consumer Price Index,CPIAUCSL,2025-06-01,321.435
Consumer Price Index,CPIAUCSL,2025-07-01,322.169
Consumer Price Index,CPIAUCSL,2025-08-01,323.291
Consumer Price Index,CPIAUCSL,2025-09-01,324.245
Consumer Price Index,CPIAUCSL,2025-10-01,
Consumer Price Index,CPIAUCSL,2025-11-01,325.063
Consumer Price Index,CPIAUCSL,2025-12-01,326.031
Consumer Price Index,CPIAUCSL,2026-01-01,326.588
Consumer Price Index,CPIAUCSL,2026-02-01,327.46
Consumer Price Index,CPIAUCSL,2026-03-01,330.293
Consumer Price Index,CPIAUCSL,2026-04-01,332.407
Consumer Price Index,CPIAUCSL,2026-05-01,333.979
